Name,Position,Priority
John,L1,3
Jane,L2,5
Alice,L1,2
Bob,L2,4
Michael,L1,4
Emily,L2,3
William,L1,5
Sophia,L2,4
James,L1,1
Olivia,L2,2
Daniel,L1,5
Ava,L2,3
Alexander,L1,2
Isabella,L2,4
Matthew,L1,3
Mia,L2,5
Ethan,L1,4
Amelia,L2,1
Henry,L1,2
Abigail,L2,3
David,L1,1
Sofia,L2,4
Andrew,L1,5
Scarlett,L2,2
Joseph,L1,3
Lily,L2,4
Noah,L1,5
Grace,L2,1
Logan,L1,2
Chloe,L2,3
Christopher,L1,4
Ella,L2,5
Benjamin,L1,1
Elizabeth,L2,2
Aiden,L1,3
Camila,L2,4
Jackson,L1,5
Avery,L2,1
Samuel,L1,2
Mila,L2,3
Lucas,L1,4
Evelyn,L2,5
Daniel,L1,1
Victoria,L2,2
Josephine,L1,3
Aria,L2,4
Matthew,L1,5
Hannah,L2,1
William,L1,2
Addison,L2,3
Elijah,L1,4
Aubrey,L2,5
Owen,L1,1
Natalie,L2,2
Alexander,L1,3
Samantha,L2,4
Jackson,L1,5
Sarah,L2,1
Christopher,L1,2
Emily,L2,3